code,name,lat,lon,alt_m,variables
39,"Arcalís - SAIH",42.6315,1.4831,2220,"Temperatura i precipitació"
40,"Bordes de Setúria - SAIH",42.5507,1.4404,1910,"Temperatura i precipitació"
403,"Borda Sabaté - SAIH",42.4473,1.4817,861,"Temperatura i precipitació"
41,"Grau Roig - SAIH",42.5360,1.7007,2083,"Temperatura i precipitació"
7993,"Pal",42.5360,1.4904,1876,"Observacions nivometeorològiques (Codi NIMET)"
7994,"Arcalís",42.6315,1.5006,2059,"Observacions nivometeorlògiques (Codi NIMET)"
7995,"Arinsal",42.5731,1.4714,1923,"Observacions nivometeorlògiques (Codi NIMET)"
7996,"Soldeu",42.5640,1.6512,2467,"Observacions nivometeorlògiques (Codi NIMET)"
7997,"Grau Roig",42.5472,1.7011,2152,"Observacions nivometeorlògiques (Codi NIMET)"
7998,"El Pas de la Casa",42.5399,1.7331,2120,"Observacions nivometeorlògiques (Codi NIMET)"
90000100,"Canillo",42.5660,1.6000,1526,"Temperatura i humitat"
90000200,"Ràdio Andorra",42.5285,1.5698,1200,"Temperatura, humitat, vent i precipitació"
99130001,"FEDA (Central)",42.5156,1.5536,1135,"Temperatura màxima i mínima, vent, precipitació i gruix de neu"
99130002,"Engolasters - FEDA",42.5168,1.5654,1638,"Manual: temperatura màxima i mínima, precipitació i gruix de neu. Automàtica: temperatura, temperatura de rosada, precipitació i humitat relativa"
99130004,"Ransol - FEDA",42.5787,1.6394,1641,"Manual: temperatura màxima i mínima, precipitació i gruix de neu. Automàtica: temperatura, temperatura de rosada, precipitació i humitat relativa"
99130005,"Roc St. Pere",42.5127,1.5327,1113,"Temperatura, temperatura de rosada, precipitació, humitat relativa, direcció i força del vent (10 m), irradiació global, insolació"
99130006,"Envalira",42.5333,1.7146,2510,"Temperatura, precipitació, humitat relativa, direcció i força del vent (20 m), irradiació global i insolació"
99130007,"Les Salines",42.6107,1.5382,1445,"Temperatura, precipitació, direcció i força del vent (10 m)"
99130008,"La Comella",42.4967,1.5228,1225,"Temperatura, precipitació, direcció i força del vent (10 m), a partir de 9/2022 insolació i irradiació"
99130009,"Borda Vidal",42.4357,1.4739,864,"Temperatura, humitat, precipitació, direcció i força del vent (10 m), alçada dels núvols i temps present"
99130010,"Perafita",42.4689,1.5837,2402,"Temperatura, humitat relativa, precipitació, direcció i força del vent (6,5 m), radiació solar, gruix de neu, temperatura sol, temperatura neu"
99130011,"Aixàs",42.4837,1.4771,1538,"Temperatura, humitat relativa, precipitació, direcció i força del vent (7,74 m), pressió atmosfèrica, gruix de neu"
99130012,"Bony de les Neres",42.5494,1.5717,2080,"Temperatura, humitat, direcció i força del vent (6,5 m), precipitació, gruix de neu, radiació solar global i temperatura del sòl"
99130013,"Les Fonts d'Arinsal",42.5992,1.4773,2681,"Temperatura, humitat, direcció i força del vent (3,8 m), gruix de neu i transport de neu pel vent"
99130014,"Sorteny",42.6117,1.5710,2271,"Temperatura, humitat relativa, precipitació, direcció i força del vent (6,5 m), radiació solar, pressió atmosfèrica, gruix de neu, temperatura neu, temperatura sòl"
99130016,"La Margineda - FEDA",42.4850,1.4936,950,"Temperatura, humitat relativa, precipitació, direcció i força del vent (3 m), pressió atmosfèrica"
99130017,"Vall del Riu FEDA",42.5993,1.5946,2500,"Temperatura màxima i mínima, vent, precipitació i gruix de neu"
99130018,"Cabana Sorda",42.6113,1.6723,2295,"Temperatura màxima i mínima, vent, precipitació i gruix de neu"
99130019,"Tossa Espiolets",42.5587,1.6573,2446,"Temperatura, humitat, direcció i velocitat del vent (6 m.), alçada de neu, precipitació"
99130020,"Grau Roig - FEDA",42.5488,1.6980,2090,"Temperatura, humitat relativa, precipitació, direcció i força del vent (7,74 m), pressió atmosfèrica, gruix de neu"
99130021,"Fontverd",42.4914,1.5947,1880,"Temperatura, humitat, temperatura delsòl i gruix de neu"
99130022,"Coll Ordino",42.5564,1.5686,1901,"Temperatura , humitat, temperatura del sòl i gruix de neu"
99130023,"La Solana",42.5789,1.7509,2470,"Temperatura, humitat, temperatura del sòl i gruix de neu"
99130024,"Caborreu",42.4349,1.5471,2250,"Temperatura, humitat, temperatura delsòl i gruix de neu"
99130025,"Coll Pa",42.5127,1.4760,2280,"Temperatura màxima i mínima, humitat, temperatura del terra i gruix de neu"
99130026,"Setúria",42.5470,1.4438,1900,"Temperatura, humitat, temperatura del terra i gruix de neu"
99130027,"Envalira Antenes",42.5330,1.7168,2510,"Temperatura, precipitació, humitat relativa, direcció i força del vent (20 m), irradiació global, insolació, gruix de neu i temperatura de superfície"
